Rank,Artist,Song,Album,Year
1,Prince,Purple Rain,Purple Rain,1984
2,Queen,Bohemian Rhapsody,A Night at the Opera,1975
3,David Bowie,Heroes,Heroes,1977
4,John Lennon,Imagine,Imagine,1971
5,The Beatles,A Day In The Life,Sgt. Pepper's Lonely Heart's Club Band,1967
6,Nirvana,Smells Like Teen Spirit,Nevermind,1991
7,Bob Dylan,Like a Rolling Stone,Highway 61 Revisited,1965
8,Pink Floyd,Wish You Were Here,Wish You Were Here,1975
9,Bob Dylan,Tangled up in Blue,Blood on the Tracks,1975
10,Led Zeppelin,Stairway to Heaven,Led Zeppelin IV,1971
11,David Bowie & Queen,Under Pressure,(Single),1981
12,Prince,When Doves Cry,Purple Rain,1984
13,The Beach Boys,God Only Knows,Pet Sounds,1966
14,The Rolling Stones,Gimme Shelter,Let it Bleed,1969
15,Foo Fighters,Everlong,The Colour and the Shape,1997
16,Jeff Buckley,Hallelujah,Grace,1994
17,Bruce Springsteen,Born to Run,Born to Run,1975
18,Aretha Franklin,Respect,I Never Loved a Man the Way I Love you,1967
19,The Beatles,Hey Jude,(Single),1968
20,Prince,Let's Go Crazy,Purple Rain,1984
21,Marvin Gaye,What's Goin' On?,What's Going On,1971
22,The Clash,London Calling,London Calling,1979
23,Talking Heads,This Must Be The Place (Naive Melody),Speaking in Tongues,1983
24,Bruce Springsteen,Thunder Road,Born to Run,1975
25,The Band,The Weight,Music from Big Pink,1968
26,The Beatles,Here Comes the Sun,Abbey Road,1969
27,David Bowie,Space Oddity,David Bowie,1969
28,The Rolling Stones,Sympathy for the Devil,Beggars Banquet,1968
29,Michael Jackson,Billie Jean,Thriller,1982
30,The Beatles,Let It Be,Let it Be,1970
31,Radiohead,Paranoid Android,OK Computer,1997
32,The Beatles,In My Life,Rubber Soul,1965
34,David Bowie,Life On Mars?,Hunky Dory,1971
35,"Earth, Wind and Fire",September,"Best of Earth Wind and Fire, Vol 1",1978
36,Van Morrison,Into the Mystic,Moondance,1970
37,U2,One,Achtung Baby,1991
38,Etta James,At Last,At Last!,1960
39,Beastie Boys,Sabotage,Ill Communication,1994
40,Otis Redding,(Sittin' on) The Dock Of The Bay,Dock of the Bay,1968
41,Johnny Cash,Hurt,American IV,2002
42,Simon & Garfunkel,The Sounds of Silence,"Wednesday Morning, 3 a.m.",1964
43,Prince,Kiss,Parade,1986
44,Led Zeppelin,Kashmir,Physical Grafitti,1975
45,Stevie Wonder,Superstition,Talking Book,1972
46,Queen,Somebody to Love,A Day at the Races,1976
47,Louis Armstrong,What a Wonderful World,,1967
48,U2,Where The Streets Have No Name,The Joshua Tree,1987
49,Pixies,Where is My Mind,Surfer Rosa,1988
50,Fleetwood Mac,Landslide,Fleetwood Mac,1975
51,The Replacements,Can't hardly wait,Pleased to Meet Me,1987
52,Led Zeppelin,Ramble On,Led Zeppelin II,1969
53,Joni Mitchell,A Case Of You,Blue,1971
54,Pearl Jam,Black,Ten,1991
55,Radiohead,Creep,Pablo Honey,1993
56,The Smiths,How Soon Is Now?,Hatful of Hollow,1984
57,Johnny Cash,Folsom Prison Blues,Live at Folsom Prison,1968
58,Fleetwood Mac,The Chain,Rumors,1977
59,The Beatles,While My Guitar Gently Weeps,The Beatles (The White Album),1968
60,Talking Heads,Once in a Lifetime,Remain In Light,1980
61,U2,I Still Haven't Found What I'm Looking For,The Joshua Tree,1987
62,Prince,1999,1999,1982
63,Brandi Carlile,The Story,The Story,2007
64,Elton John,Tiny Dancer,Madman Across the Water,1971
65,The Cure,Just Like Heaven,Kiss me kiss me kiss me,1987
66,The White Stripes,Seven Nation Army,Elephant,2003
67,Arcade Fire,Wake Up,Funeral,2004
68,Prince,7,The Love Symbol Album,1992
69,Tom Petty and the Heartbreakers,American Girl,Tom Petty and the Heartbreakers,1976
70,Jimi Hendrix,All along the watchtower,Electric Ladyland,1968
71,Bob Dylan,"Don't Think Twice, It's All Right",The Freewheelin' Bob Dylan,1963
72,R.E.M.,Nightswimming,Automatic for the People,1992
73,Simon & Garfunkel,America,Bookends,1968
74,Bon Iver,Skinny Love,"For Emma, Forever Ago",2007
75,Dolly Parton,Jolene,Jolene,1974
76,Leonard Cohen,Hallelujah,Various Positions,1984
77,U2,With or Without You,The Joshua Tree,1987
78,David Bowie,Starman,The Rise and Fall of Ziggy Stardust and the Spiders from Mars,1972
79,The Beatles,Blackbird,The Beatles (The White Album),1968
80,Dave Brubeck Quartet,Take Five,Time Out,1959
81,Michael Jackson,Thriller,Thriller,1982
82,Janis Joplin,Me & Bobby McGee,Pearl,1971
83,The Replacements,I Will Dare,Let It Be,1984
84,Johnny Cash,Ring of Fire,Ring of Fire: The best of Johnny Cash,1963
85,The Jayhawks,Blue,Tomorrow the Green Grass,1995
86,Prince,Little Red Corvette,1999,1982
87,Pink Floyd,Comfortably Numb,The Wall,1979
88,Stevie Wonder,Sir Duke,Songs in the Key of Life,1976
89,Oasis,Wonderwall,(What's the Story) Morning Glory?,1995
90,U2,Bad,The Unforgettable Fire,1984
91,The Who,Baba O'Riley,Who's Next,1971
92,joy division,love will tear us apart,,1980
93,Outkast,Hey Ya!,Speakerboxxx/The Love Below,2003
94,Led Zeppelin,When The Levee Breaks,Led Zeppelin IV,1971
95,The Beatles,Something,Abbey Road,1969
96,The Flaming Lips,Do You Realize??,Yoshimi Battles The Pink Robots,2002
97,Fleetwood Mac,Dreams,Rumors,1977
98,Pearl Jam,Alive,Ten,1991
99,Public Enemy,Fight the power,Fear of a Black Planet,1990
100,The Beatles,Strawberry fields forever,Magical Mystery Tour,1967