Name,ID,Curator,Followers
RapCaviar ,37i9dQZF1DX0XUsuxWHRQd,Spotify ,11501491
¡Viva Latino! ,37i9dQZF1DX10zKzsJ2jva,Spotify ,9637692
Baila Reggaeton ,37i9dQZF1DWY7IeIP1cdjF,Spotify ,9323178
Songs to Sing in the Car,37i9dQZF1DWWMOmoXKqHTD,Spotify ,7876464
All Out 00s ,37i9dQZF1DX4o1oenSJRJd,Spotify ,6365013
Beast Mode ,37i9dQZF1DX76Wlfdnj7AP,Spotify ,5798025
Rock Classics ,37i9dQZF1DWXRqgorJj26U,Spotify ,5481289
mint ,37i9dQZF1DX4dyzvuaRJ0n,Spotify ,5459741
Get Turnt ,37i9dQZF1DWY4xHQp97fN6,Spotify ,5406902
Hot Country ,37i9dQZF1DX1lVhptIYRda,Spotify ,5336328
Peaceful Piano ,37i9dQZF1DX4sWSpwq3LiO,Spotify ,5270059
All Out 80s ,37i9dQZF1DX4UtSsGT1Sbe,Spotify ,5134318
Are & Be ,37i9dQZF1DX4SBhb3fqCJd,Spotify ,4933496
Songs to Sing in the Shower ,37i9dQZF1DWSqmBTGDYngZ,Spotify ,4701083
Chill Hits ,37i9dQZF1DX4WYpdgoIcn6,Spotify ,4565567
Rock This ,37i9dQZF1DXcF6B6QPhFDv,Spotify ,4471991
Top Brasil ,37i9dQZF1DX0FOF1IUWK1W,Spotify ,4279089
All Out 90s ,37i9dQZF1DXbTxeAdrVG2l,Spotify ,4262659
Hit Rewind ,37i9dQZF1DX0s5kDXi1oC5,Spotify ,4131822
Teen Party ,37i9dQZF1DX1N5uK98ms5p,Spotify ,3960596
Motivation Mix ,37i9dQZF1DXdxcBWuJkbcy,Spotify ,3826830
Have a Great Day! ,37i9dQZF1DX7KNKjOK0o75,Spotify ,3798735
Happy Hits! ,37i9dQZF1DXdPec7aLTmlC,Spotify ,3781368
Verano Forever ,37i9dQZF1DXdnGF35OawbN,Spotify ,3715685
Relax & Unwind ,37i9dQZF1DWU0ScTcjJBdj,Spotify ,3659896
Your Favorite Coffeehouse ,37i9dQZF1DX6ziVCJnEm59,Spotify ,3597381
Soft Pop Hits ,37i9dQZF1DWTwnEm1IYyoj,Spotify ,3588009
I Love My '90s Hip-Hop,37i9dQZF1DX186v583rmzp,Spotify ,3549051
Baladas Románticas ,37i9dQZF1DX09mi3a4Zmox,Spotify ,3349405
Acoustic Covers ,37i9dQZF1DWXmlLSKkfdAk,Spotify ,3310906
Mood Booster ,37i9dQZF1DX3rxVfibe1L0,Spotify ,3289199
Sleep ,37i9dQZF1DWZd79rJ6a7lp,Spotify ,3256716
Rock en Español ,37i9dQZF1DWYN0zdqzbEwl,Spotify ,3146472
Dance Party ,37i9dQZF1DXaXB8fQg7xif,Spotify ,3108225
Mega Hit Mix ,37i9dQZF1DXbYM3nMM0oPk,Spotify ,3094797
Brain Food ,37i9dQZF1DWXLeA8Omikj7,Spotify ,3076716
Deep Focus ,37i9dQZF1DWZeKCadgRdKQ,Spotify ,3063348
Acoustic Hits: Oldies but Goodies ,37i9dQZF1DWUH2AzNQzWua,Spotify ,3053451
Love Pop ,37i9dQZF1DX50QitC6Oqtn,Spotify ,3022983
90s Rock Anthems ,37i9dQZF1DX1rVvRgjX59F,Spotify ,3014037
Pop Up ,37i9dQZF1DX6aTaZa0K6VA,Spotify ,2936169
Dance Pop ,37i9dQZF1DXcZDD7cfEKhW,Spotify ,2856330
Workout ,37i9dQZF1DX70RN3TfWWJh,Spotify ,2781237
All Out 70s ,37i9dQZF1DWTJ7xPn4vNaz,Spotify ,2774145
Cardio ,37i9dQZF1DWSJHnPb1f0X3,Spotify ,2674934
Power Workout ,37i9dQZF1DWUVpAXiEPK8P,Spotify ,2614100
All Out 10s ,37i9dQZF1DX5Ejj0EkURtP,Spotify ,2613579
Feelin' Good ,37i9dQZF1DX9XIFQuFvzM4,Spotify ,2607214
Chill Tracks ,37i9dQZF1DX6VdMW310YC7,Spotify ,2600050
Throwback Party ,37i9dQZF1DX7F6T2n2fegs,Spotify ,2510340
Funk Hits ,37i9dQZF1DWTkIwO2HDifB,Spotify ,2486841
Broken Heart ,37i9dQZF1DXbrUpGvoi3TS,Spotify ,2462049
Afternoon Acoustic ,37i9dQZF1DX4E3UdUs7fUx,Spotify ,2457302
00s Rock Anthems ,37i9dQZF1DX3oM43CtKnRV,Spotify ,2398462
Confidence Boost ,37i9dQZF1DX4fpCWaHOned,Spotify ,2392185
Run Wild ,37i9dQZF1DX35oM5SPECmN,Spotify ,2385570
80s Smash Hits ,19PgP2QSGPcm6Ve8VhbtpG,Filtr US ,2379673
Disney Hits ,5NtjgKz4doejP5HJtKXFcS,Walt Disney Records ,2373568
Hot Hits UK ,37i9dQZF1DWY4lFlS4Pnso,Spotify ,2358316
Good Vibes ,37i9dQZF1DWYBO1MoTDhZI,Spotify ,2306968
Dance Rewind ,37i9dQZF1DX0BcQWzuB7ZO,Spotify ,2214621
Most Necessary ,37i9dQZF1DX2RxBh64BHjQ,Spotify ,2144401
I Love My '00s R&B ,37i9dQZF1DWYmmr74INQlb,Spotify ,2118425
Infinite Acoustic ,37i9dQZF1DX6z20IXmBjWI,Spotify ,2072488
The Most Beautiful Songs in the World ,37i9dQZF1DX9Z3vMB2b8im,Spotify ,2060300
Trap Nation ,0NCspsyf0OS4BsPgGhkQXM,Trap Nation ,2039416
Life Sucks ,37i9dQZF1DX3YSRoSdA634,Spotify ,2028877
Young Wild & Free ,37i9dQZF1DX843Qf4lrFtZ,Spotify ,1981926
Gold School ,37i9dQZF1DWVA1Gq4XHa6U,Spotify ,1980722
It's a Hit! ,37i9dQZF1DWT1y71ZcMPe5,Spotify ,1974118
90s Smash Hits ,3C64V048fGyQfCjmu9TIGA,Filtr US ,1958405
Ultimate Indie ,37i9dQZF1DX2Nc3B70tvx0,Spotify ,1944891
K-Pop Daebak ,37i9dQZF1DX9tPFwDMOaN1,Spotify ,1939622
Coffee Table Jazz ,37i9dQZF1DWVqfgj8NZEp1,Spotify ,1891778
mint Latin ,37i9dQZF1DX07RJCJCOYpi,Spotify ,1888086
I Love My '90s R&B ,37i9dQZF1DX6VDO8a6cQME,Spotify ,1885887
Intense Studying ,37i9dQZF1DX8NTLI2TtZa6,Spotify ,1870673
Hot Rhythmic ,37i9dQZF1DWYs83FtTMQFw,Spotify ,1868762
Dance Rising ,37i9dQZF1DX8tZsk68tuDw,Spotify ,1849010
Hugot ,37i9dQZF1DX12Zn55QZM3w,Spotify ,1833036
Classic Road Trip Songs,37i9dQZF1DX9wC1KY45plY,Spotify ,1825656
Guilty Pleasures,37i9dQZF1DX4pUKG1kS0Ac,Spotify ,1594619
Genre Glitch,37i9dQZF1DWUraJYejk11q,Spotify ,299641
Pop Rising,37i9dQZF1DWUa8ZRTfalHk,Spotify ,1623254
Hype,37i9dQZF1DX4eRPd9frC1m,Spotify ,1714804
Emo Forever,37i9dQZF1DX9wa6XirBPv8,Spotify ,628884
Creamy,37i9dQZF1DXdgz8ZB7c2CP,Spotify ,448954
Bedroom Jams,37i9dQZF1DX0QKpU3cGsyb,Spotify ,999613
One Hit Wonders,37i9dQZF1DX0Ew6u9sRtTY,Spotify ,708779
Signed XOXO,37i9dQZF1DX2A29LI7xHn1,?,?
Love Sex Water,37i9dQZF1DWX3387IZmjNa,?,?
Mind Right,37i9dQZF1DX5hR0J49CmXC,?,?
Channel X,37i9dQZF1DX4y8h9WqDPAE,?,?
Gold Edition,37i9dQZF1DWXnexX7CktaI,?,?
Chilled R&B,37i9dQZF1DX2UgsUIg75Vg,?,?
The Sweet Suite,37i9dQZF1DX2Ma8k80RiMN,?,?
Cali Fire,37i9dQZF1DWSvKsRPPnv5o,?,?
Country Gold,37i9dQZF1DWYnwbYQ5HnZU,?,?
Partyhymnen 2019,37i9dQZF1DX9EM98aZosoy,?,?
Party Deluxe,37i9dQZF1DWVWiyE9VDkCO,?,?
Party Up!,37i9dQZF1DWZz0dmtcndFR,?,?
Party Life,37i9dQZF1DXdnyffTsenNZ,?,?
Sad Songs,37i9dQZF1DX7qK8ma5wgG1,?,?
Sad Songs :(,4EoPt05ztUjVaujcWbUL2Z,?,?
Sad Bops,37i9dQZF1DWZUAeYvs88zc,?,?
Sad Songs Heartbreak Songs,4Sdc0wQI8JxWeUOgKizMg0,?,?
Happy Pop Hits,37i9dQZF1DWVlYsZJXqdym,?,?
Happy Pop,37i9dQZF1DX1H4LbvY4OJi,?,?
Happy Beats,37i9dQZF1DWSf2RDTDayIx,?,?
Happy Tunes,37i9dQZF1DX9u7XXOp0l5L,?,?
Happy Chill Good Time Vibes,37i9dQZF1DXaK0O81Xtkis,?,?
Happy Hour,37i9dQZF1DWZ72qOlbizxi,?,?
Chilled Hits,37i9dQZF1DWVYHdtUb7Wil,?,?
Chillax Ka Muna!,37i9dQZF1DXdUK9FmHZruQ,?,?
Chill Vibes,37i9dQZF1DX889U0CL85jj,?,?
Chill af,37i9dQZF1DX5D8j6p4CXZT,?,?
Chilled Pop Hits,37i9dQZF1DX1IeqVkK7Ebc,?,?
Fresh and Chill,37i9dQZF1DX5CdVP4rz81C,?,?
Pop Chillout,37i9dQZF1DXbIGqYf7WDxP,?,?
Chill Your Mind,7wDZ5nB0Wb1tcoloILplN8,?,?
Chilled Afternoon,37i9dQZF1DX5qwHeIGQ14o,?,?
Chill Out,65p90fEsFYGyT3zU5ELmCh,?,?
Intense Workout & Crossfit,5awz8AeJDT5tL4tRgztxgx,?,?
Workout Hits,37i9dQZF1DWVciwe52Zt0R,?,?
Workout/Rap,0mW4R77jxPXSrkH6NqFIkk,?,?
Workout Motivation Hip Hop Rap,2YLYJT19TUBMD4eDQEnivw,?,?
Rap Workout,37i9dQZF1DX76t638V6CA8,?,?
Workout Twerkout,37i9dQZF1DX0HRj9P7NxeE,?,?
Top Hits Workout,37i9dQZF1DX73EtbU4jEcn,?,?
Raising the Bar,37i9dQZF1DXdURFimg6Blm,?,?
Hip Hop Workout Mix,37i9dQZF1DX9s3cYAeKW5d,?,?
Sleeping Music,5iL9NYIEfckRxTJEJ93p2T,?,?
Sleepy Time,vcd3h2r0xjp4s3f3wjt0ljgbz,?,?
sleep playlist,3c4fhKtgwp1kBAFWKeudzz,?,?